длина_волны_нм,подпись,яркость
540.056,Ne I,средняя
585.249,Ne I,очень высокая
588.190,Ne I,высокая
594.483,Ne I,высокая
597.553,Ne I,средняя
603.000,Ne I,высокая
607.434,Ne I,высокая
609.616,Ne I,очень высокая
614.306,Ne I,очень высокая
616.359,Ne I,высокая
621.728,Ne I,высокая
626.650,Ne I,высокая
630.479,Ne I,высокая
633.443,Ne I,высокая
638.299,Ne I,очень высокая
640.225,Ne I,очень высокая
650.653,Ne I,высокая
659.895,Ne I,высокая
667.828,Ne I,высокая
671.704,Ne I,средняя
692.947,Ne I,высокая
703.241,Ne I,очень высокая
717.394,Ne I,средняя
724.517,Ne I,высокая
